animal,session,session_index,date,task_variant,weight_g,duration_min,n_trial_rows,n_choice_trials,n_correct,n_incorrect,n_fall,n_omission,pct_correct,median_duration_s,n_easy_trials,pct_correct_easy,median_window_s,n_levels,levels,qc_flags,include
bp1,2026-09-22_11-04-38,1,2026-09-22 11:04:38,varying_orientation,22.6,36.11,306,265,200,65,41,0,75.5,4.73,55,90.9,5.74,13,"0,5,10,15,20,25,30,40,50,60,70,80,90",ok,True
bp1,2026-09-23_10-44-43,2,2026-09-23 10:44:43,varying_orientation,22.3,47.43,372,345,267,78,27,0,77.4,5.26,91,83.5,6.26,13,"0,5,10,15,20,25,30,40,50,60,70,80,90",ok,True
bp1,2026-09-24_12-05-05,3,2026-09-24 12:05:05,varying_orientation,22.6,53.08,414,392,293,99,21,1,74.7,5.16,82,89.0,6.16,13,"0,5,10,15,20,25,30,40,50,60,70,80,90",ok,True
bp1,2026-09-28_11-05-51,4,2026-09-28 11:05:51,varying_orientation,22.8,71.32,417,388,261,127,28,1,67.3,6.54,94,75.5,7.56,13,"0,5,10,15,20,25,30,40,50,60,70,80,90",ok,True
bp1,2026-09-29_12-26-25,5,2026-09-29 12:26:25,varying_orientation,23.4,70.54,464,426,311,115,34,4,73.0,6.22,90,81.1,7.22,13,"0,5,10,15,20,25,30,40,50,60,70,80,90",ok,True
bp1,2026-09-30_16-17-28,6,2026-09-30 16:17:28,varying_orientation,23.6,30.35,237,220,164,56,17,0,74.5,5.87,58,84.5,6.88,13,"0,5,10,15,20,25,30,40,50,60,70,80,90",ok,True
bp1,2026-10-01_13-30-34,7,2026-10-01 13:30:34,varying_orientation,23.5,49.99,334,302,224,78,32,0,74.2,6.61,76,85.5,7.62,13,"0,5,10,15,20,25,30,40,50,60,70,80,90",ok,True
bp2,2026-09-25_13-27-38,1,2026-09-25 13:27:38,varying_orientation,23.7,61.68,305,259,170,89,44,2,65.6,8.51,67,73.1,9.51,13,"0,5,10,15,20,25,30,40,50,60,70,80,90",ok,True
jlh60,2026-09-11_12-49-21,1,2026-09-11 12:49:21,legacy_no_variant,26.8,30.41,31,2,2,0,0,29,100.0,26.26,1,100.0,27.27,12,"0,5,10,15,25,30,40,50,60,70,80,90","legacy_variant,few_trials,high_omission",False
jlh62,2026-09-11_14-00-03,1,2026-09-11 14:00:03,legacy_no_variant,28.8,30.43,66,30,19,11,32,4,63.3,12.36,6,50.0,13.37,13,"0,5,10,15,20,25,30,40,50,60,70,80,90","legacy_variant,few_trials,high_fall",False
jlh62,2026-09-16_14-23-11,2,2026-09-16 14:23:11,varying_orientation,28.5,31.74,120,104,92,12,16,0,88.5,11.43,24,100.0,12.44,13,"0,5,10,15,20,25,30,40,50,60,70,80,90",ok,True
jlh62,2026-09-17_14-31-35,3,2026-09-17 14:31:35,varying_orientation,28.8,35.05,178,154,123,31,23,1,79.9,8.9,41,90.2,9.91,13,"0,5,10,15,20,25,30,40,50,60,70,80,90",ok,True
jlh62,2026-09-18_12-38-11,4,2026-09-18 12:38:11,varying_orientation,28.6,41.24,135,122,96,26,7,6,78.7,10.95,27,92.6,11.95,13,"0,5,10,15,20,25,30,40,50,60,70,80,90",ok,True
jlh62,2026-09-21_11-47-46,5,2026-09-21 11:47:46,varying_orientation,28.3,35.69,165,147,107,40,15,3,72.8,8.92,31,83.9,9.94,13,"0,5,10,15,20,25,30,40,50,60,70,80,90",ok,True
jlh62,2026-09-22_12-09-17,6,2026-09-22 12:09:17,varying_orientation,28.6,30.9,78,38,32,6,30,10,84.2,8.14,10,90.0,9.15,13,"0,5,10,15,20,25,30,40,50,60,70,80,90","few_trials,high_fall",False
jlh62,2026-09-22_14-41-40,7,2026-09-22 14:41:40,fixed_90,28.9,1.29,5,3,3,0,2,0,100.0,10.08,3,100.0,11.08,1,90,"single_level,few_trials,short_session,high_fall",False
jlh62,2026-09-23_12-22-44,8,2026-09-23 12:22:44,varying_orientation,28.6,42.15,155,111,83,28,38,6,74.8,8.74,28,85.7,9.75,13,"0,5,10,15,20,25,30,40,50,60,70,80,90",ok,True
jlh62,2026-09-24_13-04-03,9,2026-09-24 13:04:03,varying_orientation,28.7,36.04,151,123,98,25,24,4,79.7,9.31,28,92.9,10.33,13,"0,5,10,15,20,25,30,40,50,60,70,80,90",ok,True
jlh62,2026-09-25_09-59-43,10,2026-09-25 09:59:43,varying_orientation,29.0,51.77,174,144,106,38,26,4,73.6,9.92,35,85.7,10.92,13,"0,5,10,15,20,25,30,40,50,60,70,80,90",ok,True
jlh62,2026-09-28_10-05-57,11,2026-09-28 10:05:57,varying_orientation,28.5,56.7,187,143,102,41,33,11,71.3,9.89,37,86.5,10.9,13,"0,5,10,15,20,25,30,40,50,60,70,80,90",ok,True
jlh62,2026-09-29_14-59-50,12,2026-09-29 14:59:50,varying_orientation,29.3,40.3,107,86,74,12,14,7,86.0,13.11,19,100.0,14.11,13,"0,5,10,15,20,25,30,40,50,60,70,80,90",ok,True
jlh62,2026-09-30_15-43-34,13,2026-09-30 15:43:34,varying_orientation,29.2,31.0,114,102,86,16,7,5,84.3,8.68,22,95.5,9.69,13,"0,5,10,15,20,25,30,40,50,60,70,80,90",ok,True
jlh62,2026-10-01_12-42-21,14,2026-10-01 12:42:21,varying_orientation,28.5,45.79,210,191,147,44,17,2,77.0,8.09,49,95.9,9.09,13,"0,5,10,15,20,25,30,40,50,60,70,80,90",ok,True
